{ "compressionlevel":-1,
 "editorsettings":
    {
     "export":
        {
         "format":"json",
         "target":"ShiningWars2.json"
        }
    },
 "height":7,
 "infinite":false,
 "layers":[
        {
         "data":[1, 3, 3, 40, 23, 30, 1, 1, 1, 3, 3, 23, 23, 1, 3, 1, 3, 3, 3, 1, 23, 3, 1, 1, 3, 3, 1, 23, 3, 3, 1, 1, 1, 1, 1, 3, 3, 1, 1, 1, 1, 1, 3, 2, 1, 1, 1, 1, 1],
         "height":7,
         "id":3,
         "name":"Ground",
         "opacity":1,
         "type":"tilelayer",
         "visible":true,
         "width":7,
         "x":0,
         "y":0
        }, 
        {
         "data":[93, 0, 0, 0, 0, 0, 0, 92, 0, 0, 0, 0, 0, 0, 0, 0, 0, 0, 0, 0, 0, 0, 0, 0, 0, 0, 0, 0, 0, 0, 0, 0, 0, 0, 0, 0, 0, 0, 0, 0, 0, 0, 0, 0, 0, 0, 0, 0, 0],
         "height":7,
         "id":7,
         "name":"Rocks",
         "opacity":1,
         "properties":[
                {
                 "name":"MaterialSource",
                 "type":"string",
                 "value":"TilesetPack_RockSand.tsx"
                }],
         "type":"tilelayer",
         "visible":true,
         "width":7,
         "x":0,
         "y":0
        }, 
        {
         "data":[0, 174, 149, 0, 0, 0, 0, 0, 0, 0, 0, 0, 0, 0, 0, 0, 0, 0, 0, 0, 0, 0, 0, 0, 0, 156, 142, 0, 0, 0, 0, 0, 0, 0, 0, 0, 0, 0, 0, 0, 0, 189, 0, 0, 0, 0, 0, 0, 177],
         "height":7,
         "id":9,
         "name":"Boulders",
         "opacity":1,
         "properties":[
                {
                 "name":"MaterialSource",
                 "type":"string",
                 "value":"TilesetPack_Boulders.tsx"
                }],
         "type":"tilelayer",
         "visible":true,
         "width":7,
         "x":0,
         "y":0
        }, 
        {
         "data":[0, 0, 0, 72, 61, 0, 71, 0, 0, 0, 0, 59, 0, 0, 0, 62, 0, 56, 0, 0, 70, 0, 0, 0, 0, 0, 0, 0, 0, 0, 0, 0, 0, 0, 0, 0, 0, 0, 0, 0, 0, 0, 0, 0, 0, 0, 0, 0, 0],
         "height":7,
         "id":2,
         "name":"Trees",
         "opacity":1,
         "properties":[
                {
                 "name":"MaterialSource",
                 "type":"string",
                 "value":"TilesetPack_Trees.tsx"
                }, 
                {
                 "name":"voffset",
                 "type":"int",
                 "value":-98
                }],
         "type":"tilelayer",
         "visible":true,
         "width":7,
         "x":0,
         "y":0
        }, 
        {
         "data":[0, 0, 0, 0, 0, 0, 0, 0, 0, 0, 0, 0, 0, 0, 0, 0, 0, 0, 135, 0, 0, 0, 0, 0, 0, 0, 0, 0, 0, 0, 0, 0, 129, 0, 0, 0, 0, 0, 0, 0, 0, 0, 0, 0, 0, 0, 0, 0, 0],
         "height":7,
         "id":8,
         "name":"Buildings",
         "opacity":1,
         "properties":[
                {
                 "name":"MaterialSource",
                 "type":"string",
                 "value":"TilesetPack_Buildings.tsx"
                }, 
                {
                 "name":"voffset",
                 "type":"int",
                 "value":-98
                }],
         "type":"tilelayer",
         "visible":true,
         "width":7,
         "x":0,
         "y":0
        }, 
        {
         "data":[0, 0, 0, 0, 0, 0, 0, 0, 0, 0, 0, 0, 0, 0, 0, 0, 0, 0, 0, 190, 0, 0, 0, 0, 0, 0, 0, 0, 0, 0, 0, 0, 0, 0, 0, 0, 0, 0, 0, 0, 0, 0, 0, 0, 0, 0, 0, 0, 0],
         "height":7,
         "id":10,
         "name":"Character",
         "opacity":1,
         "properties":[
                {
                 "name":"MaterialSource",
                 "type":"string",
                 "value":"char_spritesheet.tsx"
                }],
         "type":"tilelayer",
         "visible":true,
         "width":7,
         "x":0,
         "y":0
        }],
 "nextlayerid":11,
 "nextobjectid":1,
 "orientation":"isometric",
 "renderorder":"right-down",
 "tiledversion":"1.3.1",
 "tileheight":128,
 "tilesets":[
        {
         "firstgid":1,
         "source":"TilesetPack_Grass.tsx"
        }, 
        {
         "firstgid":50,
         "source":"TilesetPack_Trees.tsx"
        }, 
        {
         "firstgid":78,
         "source":"TilesetPack_RockSand.tsx"
        }, 
        {
         "firstgid":127,
         "source":"TilesetPack_Buildings.tsx"
        }, 
        {
         "firstgid":141,
         "source":"TilesetPack_Boulders.tsx"
        }, 
        {
         "firstgid":190,
         "source":"char_spritesheet.tsx"
        }],
 "tilewidth":256,
 "type":"map",
 "version":1.2,
 "width":7
}