{ "compressionlevel":-1,
 "editorsettings":
    {
     "export":
        {
         "format":"json",
         "target":"ShiningWars.json"
        }
    },
 "height":7,
 "infinite":false,
 "layers":[
        {
         "data":[7, 1, 1, 1, 1, 1, 48, 1, 1, 1, 1, 1, 1, 1, 1, 1, 1, 1, 1, 1, 1, 1, 1, 1, 9, 1, 1, 1, 1, 1, 1, 1, 1, 1, 1, 1, 1, 1, 1, 1, 1, 1, 1, 1, 1, 1, 1, 1, 7],
         "height":7,
         "id":1,
         "name":"Ground",
         "opacity":1,
         "type":"tilelayer",
         "visible":true,
         "width":7,
         "x":0,
         "y":0
        }, 
        {
         "data":[0, 0, 0, 0, 0, 0, 0, 0, 0, 55, 55, 0, 0, 0, 0, 0, 55, 0, 0, 0, 0, 52, 0, 0, 0, 0, 0, 0, 0, 0, 0, 0, 0, 0, 0, 0, 0, 0, 0, 0, 0, 0, 0, 0, 0, 0, 0, 0, 0],
         "height":7,
         "id":4,
         "name":"Trees",
         "offsetx":-1,
         "offsety":-33,
         "opacity":1,
         "type":"tilelayer",
         "visible":true,
         "width":7,
         "x":0,
         "y":0
        }],
 "nextlayerid":5,
 "nextobjectid":1,
 "orientation":"isometric",
 "renderorder":"right-down",
 "tiledversion":"1.3.1",
 "tileheight":128,
 "tilesets":[
        {
         "firstgid":1,
         "source":"..\/..\/..\/..\/..\/TilesetPack - Grass.tsx"
        }, 
        {
         "firstgid":50,
         "source":"..\/..\/..\/..\/..\/TilesetPack - Trees.tsx"
        }],
 "tilewidth":256,
 "type":"map",
 "version":1.2,
 "width":7
}