{ "columns":1,
 "image":"..\/..\/images\/barrel_68x45.png",
 "imageheight":45,
 "imagewidth":68,
 "margin":0,
 "name":"Barrels",
 "spacing":0,
 "tilecount":1,
 "tiledversion":"1.4.2",
 "tileheight":45,
 "tiles":[
        {
         "id":0,
         "objectgroup":
            {
             "draworder":"index",
             "id":2,
             "name":"",
             "objects":[
                    {
                     "height":17,
                     "id":1,
                     "name":"",
                     "rotation":0,
                     "type":"",
                     "visible":true,
                     "width":60,
                     "x":3.5,
                     "y":24.5
                    }],
             "opacity":1,
             "type":"objectgroup",
             "visible":true,
             "x":0,
             "y":0
            }
        }],
 "tilewidth":68,
 "type":"tileset",
 "version":1.4
}