{ "columns":1,
 "image":"..\/..\/images\/barrel_68x45.png",
 "imageheight":45,
 "imagewidth":68,
 "margin":0,
 "name":"barrel_68x45",
 "objectalignment":"topleft",
 "spacing":0,
 "tilecount":1,
 "tiledversion":"1.4.3",
 "tileheight":45,
 "tiles":[
        {
         "id":0,
         "objectgroup":
            {
             "draworder":"index",
             "id":2,
             "name":"",
             "objects":[
                    {
                     "height":15.5,
                     "id":1,
                     "name":"",
                     "rotation":0,
                     "type":"",
                     "visible":true,
                     "width":59.5,
                     "x":3,
                     "y":25
                    }],
             "opacity":1,
             "type":"objectgroup",
             "visible":true,
             "x":0,
             "y":0
            },
         "properties":[
                {
                 "name":"barrel",
                 "type":"string",
                 "value":"yes"
                }]
        }],
 "tilewidth":68,
 "type":"tileset",
 "version":1.4
}