{ "columns":0,
 "grid":
    {
     "height":1,
     "orientation":"orthogonal",
     "width":1
    },
 "margin":0,
 "name":"da",
 "spacing":0,
 "tilecount":2,
 "tiledversion":"1.4.2",
 "tileheight":128,
 "tiles":[
        {
         "id":0,
         "image":"tree.png",
         "imageheight":128,
         "imagewidth":110
        }, 
        {
         "id":1,
         "image":"tree2.png",
         "imageheight":128,
         "imagewidth":95
        }],
 "tilewidth":110,
 "type":"tileset",
 "version":1.4
}