{ "columns":1,
 "image":"..\/..\/images\/house_3.png",
 "imageheight":326,
 "imagewidth":240,
 "margin":0,
 "name":"house_3",
 "objectalignment":"topleft",
 "spacing":0,
 "tilecount":1,
 "tiledversion":"1.4.3",
 "tileheight":326,
 "tiles":[
        {
         "id":0,
         "objectgroup":
            {
             "draworder":"index",
             "id":2,
             "name":"",
             "objects":[
                    {
                     "height":185.333333333333,
                     "id":1,
                     "name":"",
                     "rotation":0,
                     "type":"",
                     "visible":true,
                     "width":156.333333333333,
                     "x":40.5,
                     "y":132.333333333333
                    }],
             "opacity":1,
             "type":"objectgroup",
             "visible":true,
             "x":0,
             "y":0
            }
        }],
 "tilewidth":240,
 "type":"tileset",
 "version":1.4
}