{ "columns":1,
 "grid":
    {
     "height":34,
     "orientation":"orthogonal",
     "width":34
    },
 "image":"..\/..\/images\/stone_2.png",
 "imageheight":128,
 "imagewidth":128,
 "margin":0,
 "name":"stone_2",
 "objectalignment":"topleft",
 "spacing":0,
 "tilecount":1,
 "tiledversion":"1.4.2",
 "tileheight":128,
 "tiles":[
        {
         "id":0,
         "objectgroup":
            {
             "draworder":"index",
             "id":2,
             "name":"",
             "objects":[
                    {
                     "height":35,
                     "id":2,
                     "name":"",
                     "rotation":0,
                     "type":"",
                     "visible":true,
                     "width":84,
                     "x":23,
                     "y":57
                    }],
             "opacity":1,
             "type":"objectgroup",
             "visible":true,
             "x":0,
             "y":0
            }
        }],
 "tilewidth":128,
 "type":"tileset",
 "version":1.4
}