{ "columns":16,
 "image":"atlas_16x.png",
 "imageheight":304,
 "imagewidth":256,
 "margin":0,
 "name":"super_retro",
 "spacing":0,
 "tilecount":304,
 "tiledversion":"1.4.2",
 "tileheight":16,
 "tiles":[
        {
         "id":177,
         "objectgroup":
            {
             "draworder":"index",
             "id":2,
             "name":"",
             "objects":[
                    {
                     "height":10.7826,
                     "id":1,
                     "name":"",
                     "rotation":0,
                     "type":"",
                     "visible":true,
                     "width":15.8261,
                     "x":0.0869565,
                     "y":5.04348
                    }],
             "opacity":1,
             "type":"objectgroup",
             "visible":true,
             "x":0,
             "y":0
            }
        }],
 "tilewidth":16,
 "type":"tileset",
 "version":1.4
}