{ "columns":1,
 "image":"tree.png",
 "imageheight":128,
 "imagewidth":110,
 "margin":0,
 "name":"tree",
 "objectalignment":"topleft",
 "spacing":0,
 "tilecount":1,
 "tiledversion":"1.4.2",
 "tileheight":128,
 "tiles":[
        {
         "id":0,
         "objectgroup":
            {
             "draworder":"index",
             "id":2,
             "name":"",
             "objects":[
                    {
                     "height":8.27272727272728,
                     "id":1,
                     "name":"",
                     "rotation":0,
                     "type":"",
                     "visible":true,
                     "width":29.9545454545455,
                     "x":52.6363636363636,
                     "y":103.409090909091
                    }],
             "opacity":1,
             "type":"objectgroup",
             "visible":true,
             "x":0,
             "y":0
            }
        }],
 "tilewidth":110,
 "type":"tileset",
 "version":1.4
}