{ "columns":1,
 "image":"tree2.png",
 "imageheight":128,
 "imagewidth":95,
 "margin":0,
 "name":"tree2",
 "objectalignment":"topleft",
 "spacing":0,
 "tilecount":1,
 "tiledversion":"1.4.2",
 "tileheight":128,
 "tiles":[
        {
         "id":0,
         "objectgroup":
            {
             "draworder":"index",
             "id":2,
             "name":"",
             "objects":[
                    {
                     "height":10,
                     "id":1,
                     "name":"",
                     "rotation":0,
                     "type":"",
                     "visible":true,
                     "width":26,
                     "x":29,
                     "y":104.5
                    }],
             "opacity":1,
             "type":"objectgroup",
             "visible":true,
             "x":0,
             "y":0
            }
        }],
 "tilewidth":95,
 "type":"tileset",
 "version":1.4
}